Jarosław Zieliński,M,76060256662
Karol Baran,M,02320619917
Martin Sikora,M,64031412748
Jerzy Urbańska,M,59121787446
Denis Jasiński,M,85100463696
Arkadiusz Kowalczyk,M,71112475419
Leonardo Andrzejewski,M,55102869332
Janusz Ostrowski,M,02271067544
Kuba Sokołowski,M,98090488334
Arkadiusz Zawadzki,M,93010657236
Leonardo Sikorska,M,85123059942
Konrad Zieliński,M,50061779177
Alan Przybylski,M,00241291964
Klaudiusz Górecki,M,81050598219
Bruno Kaczmarczyk,M,85101599482
Amadeusz Włodarczyk,M,68022099877
Błażej Tomaszewski,M,00230943335
Marek Krawczyk,M,81011418626
Emanuel Mazur,M,72102246666
Jan Chmielewski,M,67040311811
Jędrzej Sobczak,M,89043023739
Andrzej Woźniak,M,78032732468
Patryk Duda,M,02251213165
Mariusz Kaczmarczyk,M,07281898874
Martin Michalak,M,95121278317
Łukasz Jaworski,M,75060211132
Ludwik Krajewska,M,58053189461
Amadeusz Wysocki,M,89021242684
Paweł Zieliński,M,54121432273
Adam Kucharski,M,92091915615
Remigiusz Krupa,M,71052577365
Bolesław Andrzejewski,M,66022879552
Alan Piotrowski,M,75082413572
Rafał Sawicki,M,94091138773
Amadeusz Jasiński,M,64020825551
Emil Czerwiński,M,52072097299
Bruno Kwiatkowski,M,69052511696
Ignacy Wróblewski,M,00262863212
Alex Laskowska,M,07212468794
Henryk Makowski,M,50110493595
Jacek Wasilewska,M,97112966788
Marcin Laskowska,M,64080115227
Florian Pietrzak,M,71070485165
Denis Sobczak,M,53070684249
Anastazy Marciniak,M,56012965842
Bartosz Dąbrowski,M,99020916732
Miłosz Sawicki,M,79052444867
Bolesław Szewczyk,M,61112813135
Oskar Sikorska,M,67120559649
Bartosz Zieliński,M,93061936142
Artur Brzeziński,M,60111999563
Alexander Malinowski,M,81080525638
Cezary Kołodziej,M,05281016564
Krzysztof Sobczak,M,99042853574
Piotr Mazur,M,66012633337
Bolesław Baranowski,M,07232593759
Konrad Czerwiński,M,67021735694
Alek Duda,M,90110359949
Dobromił Pawlak,M,00322366219
Ariel Kaźmierczak,M,86092795644
Cezary Kamiński,M,69061812874
Anastazy Sawicki,M,77071742636
Oktawian Woźniak,M,73080422688
Robert Wiśniewski,M,92091578366
Miłosz Wasilewska,M,81042718322
Aureliusz Cieślak,M,54072674517
Dominik Cieślak,M,70110119471
Bronisław Kalinowski,M,78041733935
Amadeusz Kozłowski,M,56051625189
Cezary Jasiński,M,86100157334
Joachim Wróblewski,M,64021024799
Kamil Zieliński,M,80102696282
Aleksander Wysocki,M,58082125432
Gniewomir Kucharski,M,70093027729
Grzegorz Adamska,M,65101947782
Roman Zieliński,M,64121354211
Oskar Baran,M,95122576384
Józef Sokołowski,M,07273185678
Aleks Mazurek,M,61081323367
Adam Piotrowski,M,96042167298
Adrian Baranowski,M,97082222459
Michał Marciniak,M,56050852449
Michał Pietrzak,M,97102749735
Alek Szymczak,M,77122083477
Oskar Zieliński,M,97041961418
Antoni Krajewska,M,08280486961
Henryk Walczak,M,97060737698
Kordian Przybylski,M,66100653238
Bronisław Kamiński,M,96112196869
Miron Walczak,M,57012476756
Ignacy Czarnecki,M,84070195723
Bogumił Zalewski,M,72012192446
Borys Malinowski,M,59110676179
Jędrzej Stępień,M,79012421185
Alfred Woźniak,M,79092454512
Damian Kowalczyk,M,79041075197
Radosław Lis,M,86031978886
Henryk Wysocki,M,81012212663
Aleksander Duda,M,70111342711
Kordian Włodarczyk,M,73090755583
Julia Wojciechowska,F,70041159472
Franciszka Głowacka,F,54010988832
Asia Rutkowska,F,90090468875
Aisha Wiśniewska,F,77071593751
Florencja Chmielewska,F,77062669333
Anastazja Wojciechowska,F,08222315469
Zuzanna Jankowska,F,52030239172
Karolina Kaczmarczyk,F,05252284587
Halina Jankowska,F,08240517797
Daria Sawicka,F,04281756599
Elżbieta Kalinowska,F,01260944497
Alice Krajewska,F,56093087998
Małgorzata Mróz,F,61062045361
Andżelika Kowalska,F,55012189566
Angelika Kwiatkowska,F,75050361546
Aneta Wójcik,F,86111994254
Konstancja Ostrowska,F,59041126284
Balbina Urbańska,F,96092318477
Natalia Jankowska,F,02321519889
Adela Szymańska,F,79022683425
Lara Ostrowska,F,93102677454
Malwina Adamska,F,67061769783
Luiza Jaworska,F,86110737263
Berenika Sawicka,F,63122557227
Zuza Kaźmierczak,F,55012396225
Bogumiła Nowak,F,92110481132
Liliana Kołodziej,F,69012888837
Adela Wróblewska,F,93091146975
Alisa Jaworska,F,72071354317
Natasza Maciejewska,F,78080697355
Anastazja Wójcik,F,92052547132
Alana Górska,F,91100921735
Roksana Szymańska,F,72012197779
Antonina Sadowska,F,07260459379
Bianka Głowacka,F,77082964195
Olimpia Dąbrowska,F,05211181751
Kamila Sikora,F,08240784546
Eleonora Borkowska,F,08260136956
Jowita Kucharska,F,93042792217
Luiza Kołodziej,F,69062759196
Lucyna Jakubowska,F,65092043261
Alicja Adamska,F,61091074493
Aniela Krajewska,F,54073134786
Patrycja Adamska,F,63082288649
Oktawia Michalak,F,75111797523
Teresa Nowak,F,74052145985
Marlena Duda,F,58012881384
Jagoda Mazurek,F,72010468736
Magda Kucharska,F,91042154129
Paulina Szewczyk,F,87082961832
Anastazja Jakubowska,F,91022455419
Diana Lewandowska,F,52080493753
Bernadetta Kaczmarczyk,F,64052091294
Daniela Kaźmierczak,F,87051154674
Alicja Kucharska,F,66060314123
Monika Cieślak,F,67071583353
Anastazja Głowacka,F,66060455611
Marysia Nowak,F,82041176461
Aniela Jakubowska,F,92012255787
Weronika Woźniak,F,95122798539
Adela Kwiatkowska,F,54050315823
Bogusława Kowalska,F,86010419562
Gabriela Kucharska,F,06212299861
Anna Górska,F,70112233339
Wiktoria Dąbrowska,F,53020154165
Ewelina Kubiak,F,02291014616
Nikola Tomaszewska,F,86122271454
Bogusława Górska,F,75050629727
Jolanta Ostrowska,F,83030944593
Aneta Przybylska,F,55060595621
Marcela Piotrowska,F,70012421151
Honorata Chmielewska,F,80113089235
Lila Adamska,F,79032651937
Anatolia Adamska,F,00240566733
Martyna Kowalska,F,76092443784
Żaneta Mazur,F,99082686613
Dorota Ziółkowska,F,06273033226
Kinga Marciniak,F,01231166334
Julia Sadowska,F,78051532221
Daria Kucharska,F,03301377343
Anatolia Baranowska,F,95051557298
Jolanta Jasińska,F,72090171319
Natalia Kowalska,F,88031077718
Julianna Duda,F,98101865329
Julita Adamska,F,63102164326
Hortensja Pietrzak,F,87022189223
Katarzyna Szulc,F,71040857477
Bianka Krupa,F,04312317762
Emilia Brzezińska,F,85080175435
Ida Wysocka,F,96062821819
Barbara Maciejewska,F,60112414483
Liliana Sikora,F,99020658377
Mirosława Urbańska,F,97032591875
Klementyna Maciejewska,F,71030818192
Honorata Wojciechowska,F,87082131271
Martyna Sobczak,F,50083121912
Antonina Adamska,F,87100313599
Monika Urbańska,F,06312737371
Blanka Pawlak,F,72041844194
Izyda Adamska,F,77061164518
